{"cameraMode":{"drawMode":0,"name":"Shaded","section":"Shading Mode"},"sceneLighting":true,"audioPlay":false,"sceneViewState":{"showFog":true,"showMaterialUpdate":false,"showSkybox":true,"showFlares":true,"showImageEffects":true,"showParticleSystems":true},"in2DMode":false,"pivot":{"x":0.10373003780841828,"y":3.2336463928222658,"z":-2.438110828399658},"rotation":{"x":-0.1704069823026657,"y":-0.1844983696937561,"z":0.032318517565727237,"w":-0.9675060510635376},"size":8.680561065673829,"orthographic":false}