{"cameraMode":{"drawMode":0,"name":"Shaded","section":"Shading Mode"},"sceneLighting":false,"audioPlay":false,"sceneViewState":{"showFog":true,"showMaterialUpdate":false,"showSkybox":false,"showFlares":true,"showImageEffects":true,"showParticleSystems":true},"in2DMode":false,"pivot":{"x":-0.25586453080177309,"y":0.2574709951877594,"z":0.19372335076332093},"rotation":{"x":-0.12160944938659668,"y":-0.15069596469402314,"z":0.018502715975046159,"w":-0.9809942841529846},"size":4.950000286102295,"orthographic":false}