{"cameraMode":{"drawMode":0,"name":"Shaded","section":"Shading Mode"},"sceneLighting":true,"audioPlay":false,"sceneViewState":{"showFog":true,"showMaterialUpdate":false,"showSkybox":true,"showFlares":true,"showImageEffects":true,"showParticleSystems":true},"in2DMode":false,"pivot":{"x":3.061789035797119,"y":17.607900619506837,"z":-30.323009490966798},"rotation":{"x":-0.03680672124028206,"y":0.0005908376188017428,"z":-0.00022331693617161363,"w":-0.999474287033081},"size":8.680561065673829,"orthographic":false}