{"cameraMode":{"drawMode":0,"name":"Shaded","section":"Shading Mode"},"sceneLighting":true,"audioPlay":false,"sceneViewState":{"showFog":true,"showMaterialUpdate":false,"showSkybox":true,"showFlares":true,"showImageEffects":true,"showParticleSystems":true},"in2DMode":false,"pivot":{"x":0.9846807718276978,"y":1.9128562211990357,"z":-4.528523921966553},"rotation":{"x":-0.09690863639116287,"y":-0.27059778571128847,"z":0.02718053199350834,"w":-0.9575116634368897},"size":10.0,"orthographic":false}