{"cameraMode":{"drawMode":0,"name":"Shaded","section":"Shading Mode"},"sceneLighting":true,"audioPlay":false,"sceneViewState":{"showFog":true,"showMaterialUpdate":false,"showSkybox":true,"showFlares":true,"showImageEffects":true,"showParticleSystems":true},"in2DMode":false,"pivot":{"x":-16.83789825439453,"y":14.938055992126465,"z":-29.44527816772461},"rotation":{"x":0.1261586993932724,"y":0.013291512615978718,"z":-0.0016866355435922742,"w":0.9919742345809937},"size":8.680561065673829,"orthographic":false}